"CUSTOMER_ID";"CUSTOMER_NAME";"DATE_OF_BIRTH";"AGE";"PLAN_ID"
1;"Suzy Lincke";"2022-01-04";56;10
2;"Kele Milazzo";"2022-03-24";27;3
3;"Sarge Ellaway";"2021-12-29";33;8
4;"Nealy Cadell";"2022-10-29";34;7
5;"Etheline Ogger";"2022-07-26";64;2
6;"Yoko Whitley";"2022-06-16";47;6
7;"Bette-ann Jacke";"2022-05-24";32;1
8;"Peggy Ricoald";"2022-02-04";33;5
9;"Heinrick Dubbin";"2022-05-08";27;4
10;"Othelia Ucchino";"2021-12-05";18;9
11;"Northrop Goreway";"2022-04-10";25;10
12;"Alfie Lees";"2022-10-26";58;3
13;"Daffi Bettam";"2022-01-11";36;5
14;"Mab Shrimpton";"2022-03-01";29;9
15;"Devan Kinneir";"2022-04-27";21;8
16;"Kyle Uccello";"2022-06-03";69;10
17;"Barnaby Maybey";"2022-09-19";30;2
18;"Jenna Huntingford";"2021-11-19";52;6
19;"Mandie Marsden";"2022-03-09";35;8
20;"Sherwood Yellowlee";"2022-05-16";29;4
21;"Analise Gymblett";"2022-09-01";19;5
22;"Daryl Michiel";"2022-09-09";19;9
23;"Carmina Gallyhaock";"2022-11-13";45;3
24;"Erna Keam";"2022-10-13";42;1
25;"Natividad Cultcheth";"2022-03-31";68;7
26;"Vachel Munnis";"2021-12-13";70;5
27;"Justen Gunston";"2022-08-06";38;8
28;"Rickey Bandy";"2022-08-23";42;4
29;"Clementine Grishankov";"2022-01-19";59;10
30;"Alysia Byron";"2022-10-23";55;9
31;"Marchall MacCard";"2022-06-08";62;4
32;"Margaretta Klimkin";"2022-01-13";20;7
33;"Myrle Throssell";"2022-07-31";61;5
34;"Dominique Ashwell";"2021-11-25";48;3
35;"Masha Banker";"2021-11-28";53;6
36;"Cassaundra Rydeard";"2022-06-26";24;9
37;"Harper Randell";"2022-03-09";52;8
38;"Katherine Aucutt";"2022-10-12";24;1
39;"Rosie Casarini";"2022-05-22";60;10
40;"Nikita Greep";"2022-06-27";45;2
41;"Rosetta Goodey";"2022-08-29";65;6
42;"Felisha Furtado";"2022-05-13";22;3
43;"Cesya Mosdill";"2022-06-24";67;9
44;"Verene Manilo";"2022-07-14";35;2
45;"Lammond Pipping";"2022-11-09";20;1
46;"Trisha Dobeson";"2022-01-31";20;9
47;"Magnum Jedrasik";"2022-02-20";49;10
48;"Ferdie Bozworth";"2022-06-10";62;1
49;"Gayle Korbmaker";"2022-01-16";54;4
50;"Dolli MacLaughlin";"2022-02-12";23;8
51;"Monro Agott";"2022-06-23";68;6
52;"Regina Moehle";"2022-09-13";51;7
53;"Doll Gobourn";"2022-05-06";45;5
54;"Debee Count";"2022-03-06";29;3
55;"Elwira Maplethorpe";"2022-02-12";60;2
56;"Lesley Lesaunier";"2022-02-03";46;1
57;"Benny Giovannoni";"2022-03-29";27;2
58;"Clayborne Fryers";"2022-01-04";65;10
59;"Chrysler MacLaren";"2022-07-25";58;5
60;"Marleen Adamski";"2022-10-24";59;7
61;"Ashia Helm";"2021-12-02";22;8
62;"Arturo Anfrey";"2022-07-05";61;9
63;"Lyndsay Moyne";"2022-09-11";61;2
64;"Cherey Weiss";"2021-12-15";49;4
65;"Krispin Troyes";"2022-02-02";27;3
66;"Dick Woofenden";"2022-08-24";42;1
67;"Travers Alcott";"2022-08-10";28;5
68;"Pepito Gomar";"2022-03-14";22;6
69;"Stuart Carbert";"2022-05-29";50;10
70;"Junia Fontin";"2022-11-03";37;7
71;"Adelle Shillaber";"2022-04-11";22;9
72;"Austin Deadman";"2022-01-29";42;4
73;"Farand Vials";"2021-11-26";69;10
74;"Burnaby Connochie";"2021-11-26";70;1
75;"Allyce Tonge";"2022-07-01";44;2
76;"Ulick Kite";"2022-04-06";36;5
77;"Paulie Meckiff";"2022-08-19";21;10
78;"Ryann Ortzen";"2022-02-27";60;4
79;"Mychal Plail";"2022-06-28";33;2
80;"Stephenie Ledster";"2022-11-13";70;8
81;"Selie Stickler";"2022-05-12";50;6
82;"Shannon Markl";"2022-05-23";57;7
83;"Jean Soars";"2022-07-07";38;9
84;"Georgie Annable";"2022-10-19";39;3
85;"Byram Blaschke";"2021-12-16";36;1
86;"Hank Polycote";"2021-12-13";27;10
87;"Bond Sloane";"2022-06-01";57;1
88;"Tracie Giraldo";"2022-09-03";53;4
89;"Hamilton Sharphurst";"2022-11-16";19;7
90;"Carmina Farrent";"2021-12-11";67;5
91;"Ema Pimme";"2021-12-09";70;8
92;"Durant Semorad";"2022-05-31";51;1
93;"Wilhelmina Szymanowski";"2021-12-27";30;10
94;"Laverna Onyon";"2022-08-21";34;3
95;"Rupert Licciardo";"2022-10-18";62;9
96;"Von Readwin";"2022-07-07";61;4
97;"Wells Bergstrand";"2022-04-15";41;2
98;"Batholomew Enderby";"2022-04-29";47;7
99;"Dene Stanbra";"2022-11-06";33;6
100;"Lidia Thorburn";"2022-07-09";49;5
101;"Andrei Warlow";"2022-08-26";59;8
102;"Maisey Bisson";"2022-09-11";36;9
103;"Constantine Yesinov";"2022-05-11";61;7
104;"Hazel Staterfield";"2022-11-02";30;1
105;"Krispin Tolland";"2022-03-19";39;6
106;"Winfred Corrin";"2022-03-16";23;7
107;"Luke Liddon";"2021-12-21";34;10
108;"Cliff Presnell";"2022-07-04";36;1
109;"Meghan Leppingwell";"2022-06-12";62;3
110;"Dick Farquarson";"2022-11-15";55;2
111;"Margaretha Overil";"2022-06-10";51;6
112;"Margy Stower";"2022-08-27";57;8
113;"Hailey Wyborn";"2022-11-12";40;4
114;"Giacomo Brandrick";"2022-09-19";64;5
115;"Urban Eckart";"2022-07-07";38;9
116;"Iggy Flecknoe";"2021-12-22";40;8
117;"Luelle Pidwell";"2022-03-02";45;6
118;"Filippa Hebbs";"2021-11-29";44;2
119;"Ninette Jenken";"2022-09-05";56;5
120;"Ardene Death";"2022-04-14";25;7
121;"Gabby Pannett";"2022-07-03";18;5
122;"Natividad Beetlestone";"2022-10-24";60;7
123;"Marget Patsall";"2022-07-12";57;3
124;"Bess Franciottoi";"2022-09-12";66;9
125;"Virgil Ketteman";"2022-06-04";57;4
126;"Mellisa Fortnum";"2022-07-12";70;10
127;"Kala Binns";"2021-11-20";23;8
128;"Jillayne Magson";"2022-06-30";22;1
129;"Roosevelt Rollitt";"2022-08-25";36;6
130;"Bernie Duke";"2022-11-17";63;2
131;"Darill MacDiarmid";"2022-04-16";44;3
132;"Lazar Wahncke";"2022-03-10";61;5
133;"Cassaundra Janew";"2022-05-06";53;1
134;"Amelia D'eathe";"2021-12-03";48;6
135;"Blondie Newlove";"2021-12-07";56;4
136;"Antonino MacAllister";"2022-02-07";42;3
137;"Karilynn Dicken";"2022-10-28";47;10
138;"Carina Beades";"2022-06-15";28;7
139;"Bird Maling";"2022-03-15";68;5
140;"Linnet Hick";"2022-06-29";68;6
141;"Massimiliano Konzel";"2022-10-20";47;1
142;"Shae Rambadt";"2022-10-06";50;9
143;"Marve Divers";"2022-03-15";36;4
144;"Neddie Honack";"2022-08-08";39;8
145;"Elmira Tenby";"2022-07-27";68;2
146;"Marlowe Cowlishaw";"2022-05-25";39;8
147;"Liva Cattellion";"2022-09-03";35;6
148;"Randee Loblie";"2022-02-28";55;4
149;"Lay Burbage";"2022-05-23";45;2
150;"Jeramey Rennie";"2022-01-25";67;7
151;"Christiana Skoyles";"2022-05-24";28;4
152;"Addie Skillitt";"2022-04-18";61;10
153;"Darrin Postles";"2022-07-30";33;6
154;"Haslett Gabits";"2022-04-01";44;8
155;"Fair Prujean";"2022-07-01";62;7
156;"Joannes Dewan";"2022-07-28";37;2
157;"Lanna Bolstridge";"2022-04-01";66;9
158;"Herminia Darleston";"2022-02-27";45;1
159;"Lark Atkirk";"2022-08-16";59;5
160;"Arlan Pencott";"2022-09-16";38;3
161;"Genevra Rosenblatt";"2022-04-23";67;8
162;"Lenee Leroy";"2022-11-10";42;7
163;"Joelynn Ganderton";"2022-03-10";42;9
164;"Jereme Ikringill";"2021-12-08";39;1
165;"Hayward Reede";"2021-12-15";47;10
166;"Valdemar Janney";"2022-02-12";63;4
167;"Camella Christophle";"2022-02-08";29;7
168;"Jermayne De Moreno";"2022-07-08";41;6
169;"Derry Wigan";"2021-11-24";30;3
170;"Gabi Stag";"2022-05-06";64;10
171;"Hilly Denisevich";"2022-08-21";32;9
172;"Fredi Bowry";"2022-08-02";43;5
173;"Alessandro Dillingstone";"2022-01-11";49;1
174;"Kit Stieger";"2022-10-13";53;8
175;"Adah Grieg";"2022-10-25";53;2
176;"Teresa Malec";"2022-10-16";24;9
177;"Dane Melbourne";"2022-03-17";31;4
178;"Catrina Koubek";"2022-01-02";59;2
179;"Colly Barnewille";"2022-08-18";35;1
180;"Sari McVaugh";"2022-04-21";33;6
181;"Lula Butterwick";"2022-01-22";27;3
182;"Brien Seedull";"2022-10-11";29;4
183;"Emmalee Ugoni";"2022-11-09";26;5
184;"Iseabal Mingaud";"2021-12-03";47;8
185;"Odelia Shade";"2022-01-24";44;7
186;"Court Frayn";"2022-08-29";53;2
187;"Virginia Dreng";"2022-10-13";31;1
188;"Janessa Hambleton";"2022-01-24";18;10
189;"Robin Grog";"2022-09-02";64;9
190;"Anne Maddern";"2022-02-05";28;6
191;"Selena Cudiff";"2022-06-30";40;7
192;"Jacklyn Schrieves";"2022-03-05";46;9
193;"Nat Walbridge";"2022-06-23";37;4
194;"Felecia Asbery";"2022-06-22";40;1
195;"Ashleigh Anney";"2022-05-12";45;3
196;"Lynna Downey";"2022-07-07";21;9
197;"Margaretta Ivens";"2022-08-05";37;4
198;"Coralie Maun";"2022-06-13";25;5
199;"Harrison Terrett";"2022-09-30";67;7
200;"Gregorio Matschek";"2022-01-28";24;6
201;"Alick Lubbock";"2022-05-10";67;10
202;"Tildy Tinson";"2022-07-02";43;3
203;"Barnie Gannaway";"2021-12-05";53;2
204;"Audry Bearblock";"2022-08-08";38;8
205;"Darrell Softley";"2022-06-25";48;1
206;"Constantina Klagge";"2022-11-08";37;8
207;"Zelig Arnowicz";"2022-08-27";43;2
208;"Reagan Dudding";"2022-10-11";19;7
209;"Othello Oda";"2022-04-03";64;4
210;"Cass Weinham";"2022-08-16";45;1
211;"Maury O'Shiels";"2022-03-21";35;9
212;"Genny Byne";"2022-02-11";43;3
213;"Malina Steers";"2022-01-15";29;7
214;"Sidonnie Gulliford";"2022-09-20";54;8
215;"Dorthea Sommerling";"2022-10-04";20;2
216;"Raven Self";"2022-02-05";32;10
217;"Kristi Stefanovic";"2022-06-08";51;1
218;"Manda Cornish";"2022-08-22";67;4
219;"Israel Hathwood";"2022-10-14";42;6
220;"Marys Antoniutti";"2022-02-15";62;5
221;"Amalle Croughan";"2022-03-21";35;8
222;"Emelda Rennebach";"2022-01-21";24;3
223;"Aharon McInnes";"2022-09-15";62;10
224;"Babs Aspy";"2022-06-16";34;4
225;"Ricki Leedes";"2022-03-19";40;2
226;"Georgiana Strotton";"2022-08-23";55;8
227;"Cleveland Bulmer";"2022-07-17";56;7
228;"Marcia McKelvey";"2022-04-25";26;9
229;"Grethel Wilbud";"2022-10-16";47;3
230;"Tori Taffrey";"2022-01-02";39;2
231;"Somerset Mattheis";"2021-12-02";28;5
232;"Herve O'Donoghue";"2022-10-23";29;10
233;"Didi Tomczak";"2022-04-23";54;4
234;"Jephthah Tomasello";"2022-06-05";34;1
235;"Lauraine Giacomazzo";"2022-05-07";18;6
236;"Chris Summerlie";"2022-05-24";64;4
237;"Gris Swaffer";"2022-09-15";37;3
238;"Ansel Brittin";"2022-10-12";22;8
239;"Cayla Zannotelli";"2022-08-20";66;9
240;"Bing Fierro";"2022-11-13";64;1
241;"Muire Cattlemull";"2021-11-23";68;10
242;"Fabiano Vasyutkin";"2022-04-06";27;2
243;"Chip Wykey";"2021-12-29";25;1
244;"Wallache Harower";"2022-11-08";50;9
245;"Jacqui Manthroppe";"2021-11-30";62;3
246;"Diana Spering";"2022-07-30";46;4
247;"Alidia Fishbourn";"2021-12-09";40;5
248;"Archibaldo Wint";"2022-01-28";65;8
249;"Berna Hugonnet";"2022-03-11";22;6
250;"Cybill Pleaden";"2022-01-26";54;7
251;"Abbe Glasheen";"2022-07-26";44;3
252;"Lynda Gilmartin";"2022-03-31";42;9
253;"Fancie Marjanski";"2022-02-14";67;2
254;"Jodi Heenan";"2022-08-04";51;8
255;"Hillery Arnley";"2022-08-03";31;6
256;"Ailyn Barczynski";"2022-06-27";54;2
257;"Helge Buggs";"2022-02-07";57;5
258;"Goldy Benns";"2022-01-22";62;3
259;"Tiebout Volcker";"2021-11-28";26;9
260;"Sara-ann Judd";"2022-01-14";51;1
261;"Carole Lusher";"2022-11-10";25;4
262;"Leah Vyvyan";"2022-10-07";24;8
263;"Claudine Duding";"2022-07-28";22;6
264;"Tamas McGlue";"2022-09-01";32;7
265;"Daisy Mathews";"2022-08-28";29;10
266;"Abigail Fader";"2022-06-12";65;7
267;"Osmund Mulheron";"2022-05-17";57;5
268;"Antin Crichton";"2022-05-29";33;1
269;"Norine Orleton";"2022-04-22";61;8
270;"Normy McGinley";"2022-01-08";32;4
271;"Bogart Covert";"2022-04-29";48;7
272;"Teador Lemin";"2022-06-14";32;4
273;"Cathi Broek";"2022-04-23";62;9
274;"Robyn Fumagallo";"2022-10-11";37;2
275;"Phillip Doudney";"2022-04-07";36;10
276;"My Drivers";"2022-07-01";20;3
277;"Andros Geffe";"2022-02-23";18;6
278;"Clayton McWhin";"2022-02-11";67;5
279;"Hyatt Allon";"2021-11-29";51;1
280;"Kalli Foddy";"2022-07-15";48;8
281;"Franky Witul";"2022-10-23";55;10
282;"Wileen Davis";"2021-11-18";42;7
283;"Hill Dews";"2022-11-07";51;5
284;"Rozamond Swatheridge";"2022-07-29";70;9
285;"Lenore Pinckstone";"2022-02-19";60;8
286;"Dulsea Spada";"2022-03-26";67;3
287;"Gale Woolvin";"2022-10-12";25;2
288;"Julia MacMillan";"2022-04-10";42;5
289;"Alana Dumberell";"2022-06-02";28;4
290;"Tommy Dagnan";"2022-08-16";27;8
291;"Irvine Pettus";"2022-06-15";60;10
292;"Evey Rolfini";"2022-08-10";56;6
293;"Rosie Ovenden";"2022-07-03";24;9
294;"Tedmund Pol";"2021-12-16";58;1
295;"Kylynn Rosling";"2022-05-29";66;7
296;"Dana Ollivierre";"2022-03-22";24;5
297;"Claire Tuttiett";"2022-03-15";49;4
298;"Tadd Baudy";"2022-06-26";59;6
299;"Donia Tredwell";"2022-01-12";69;7
300;"Rosaleen Bales";"2022-04-22";27;10
